,Pmax,alpha,Kc,a_s,Lc,A,L,Qb,I,ACH
Pmax,1.0,1.0,0.9908175386029465,0.9999999289128633,-0.9999712357729368,0.9999999813187356,0.9999999289128628,0.9999657433247672,0.9999999999999999,0.9940244514966505
alpha,1.0,1.0,0.9908175405588827,0.9999999289074062,-0.999971235663172,0.9999999813159379,0.9999999289074059,0.9999657432049889,0.9999999999999999,0.9940244530765867
Kc,0.9908175386029466,0.9908175405588827,0.9999999999999999,0.9907664931585397,-0.9897636580186342,0.9907913885565305,0.9907664931585395,0.9896645427384702,0.9908175405588825,0.9996502154344477
a_s,0.9999999289128633,0.9999999289074061,0.9907664931585397,1.0,-0.9999740245739065,0.9999999831150015,0.9999999999999999,0.999968793224946,0.999999928907406,0.9939832248577374
Lc,-0.9999712357729368,-0.9999712356631721,-0.9897636580186341,-0.9999740245739064,1.0,-0.999972683167799,-0.9999740245739066,-0.9999997598055687,-0.9999712356631719,-0.9931679920253983
A,0.9999999813187355,0.9999999813159378,0.9907913885565306,0.9999999831150015,-0.9999726831677991,1.0,0.9999999831150014,0.9999673245679315,0.9999999813159377,0.9940033349631454
L,0.9999999289128628,0.999999928907406,0.9907664931585395,0.9999999999999999,-0.9999740245739066,0.9999999831150014,0.9999999999999999,0.9999687932249456,0.9999999289074056,0.9939832248577372
Qb,0.9999657433247671,0.9999657432049888,0.9896645427384704,0.999968793224946,-0.9999997598055687,0.9999673245679314,0.9999687932249456,1.0,0.9999657432049883,0.9930869893185242
I,0.9999999999999999,0.9999999999999999,0.9908175405588825,0.999999928907406,-0.9999712356631718,0.9999999813159378,0.9999999289074056,0.9999657432049884,0.9999999999999999,0.9940244530765865
ACH,0.9940244514966505,0.9940244530765867,0.9996502154344477,0.9939832248577373,-0.9931679920253982,0.9940033349631454,0.9939832248577372,0.9930869893185242,0.9940244530765866,1.0
