N,output,parameter,S1,S1_conf,ST,ST_conf
128,C30_ppm,Pmax,-0.10327016871559562,0.8499605741950458,0.03836907996860609,0.025686866086886216
128,C30_ppm,alpha,0.04777984385694586,0.1819739932593823,0.0017103529843129845,0.0010519337118667627
128,C30_ppm,Kc,-0.0023367452669261373,0.02136075996162883,2.413684106417433e-05,2.2911885481824134e-05
128,C30_ppm,a_s,-0.00969476466704354,1.2105430742665626,0.07264054353571668,0.041852581639677255
128,C30_ppm,Lc,-0.006549283827508751,0.025077015565097494,3.679868539232096e-05,1.9783595683783306e-05
128,C30_ppm,A,0.26472986981279883,0.768083241280794,0.03067987876193309,0.015187673077983294
128,C30_ppm,L,-0.042313234887890294,0.6256979582309941,0.021491942715145353,0.00899665703548259
128,C30_ppm,Qb,0.083495918926343,0.19293577513002858,0.002020323533978058,0.0014823768099143635
128,C30_ppm,I,0.11957280717978996,0.3767548788495759,0.007482366690108305,0.005460793169395538
128,C30_ppm,ACH,0.8434156009010932,4.127587982703089,0.847413979852073,0.17431742479151136
128,eta_sp,Pmax,0.06544605032841808,0.08390177333524237,0.21176606729637013,0.12225279911740536
128,eta_sp,alpha,0.022979033121704958,0.03392825150261855,0.011454876329920918,0.006446857400990279
128,eta_sp,Kc,-0.001126865247964271,0.004738037176548861,0.0003885985160494922,0.00024410386807600877
128,eta_sp,a_s,0.20172964454449963,0.19253646058965904,0.3546845036105393,0.1774198607180803
128,eta_sp,Lc,0.0019242685380635566,0.004465518704333374,0.0005645337368513809,0.0004671475514731882
128,eta_sp,A,0.11248361212746637,0.13081229069620232,0.20976058019203145,0.11661305743442069
128,eta_sp,L,0.05591651597442357,0.07680296564173023,0.1811753341705952,0.11132075073994888
128,eta_sp,Qb,0.13920267258493507,0.14304637982319837,0.3024500069312136,0.1306348626499683
128,eta_sp,I,-0.013236561195772024,0.060245351178005,0.050476037936348465,0.04054381206878726
128,eta_sp,ACH,0.0,0.0,0.0,0.0
128,CADR_m3h,Pmax,0.07767144064614763,0.1198491955295949,0.2414721461211242,0.13784646859014132
128,CADR_m3h,alpha,0.07349314327281319,0.08891316678373405,0.021446931265699187,0.009912703765774241
128,CADR_m3h,Kc,-0.00048438007092761856,0.00891839685180971,0.000648908380404923,0.0003940115071782705
128,CADR_m3h,a_s,0.3567077401288616,0.33993885727998774,0.5625752495615537,0.44091919500756127
128,CADR_m3h,Lc,0.002674697115440357,0.004887651411840207,0.00042602806673036376,0.00036199603784358694
128,CADR_m3h,A,0.15355608139084773,0.16356241857119086,0.2804119016643718,0.15658222837368518
128,CADR_m3h,L,0.12789341890994071,0.13867596909423718,0.23332843866490066,0.11609971476633721
128,CADR_m3h,Qb,0.0016161494251079628,0.01558876501220502,0.013606798552691625,0.018884683168638377
128,CADR_m3h,I,-0.004059050181161562,0.15352659442167818,0.09359965452851204,0.07657257019623465
128,CADR_m3h,ACH,0.0,0.0,0.0,0.0
256,C30_ppm,Pmax,-0.10489101103397945,0.5230080457524899,0.02972165367429467,0.01274271751772876
256,C30_ppm,alpha,0.01802956219127902,0.15246959626991946,0.002291160471010663,0.0013815158498680215
256,C30_ppm,Kc,-0.002206338557260785,0.014116567484566227,2.183530385323018e-05,1.2377154775306207e-05
256,C30_ppm,a_s,0.06326467022951647,0.769114787708907,0.060117964062322324,0.022950213038209082
256,C30_ppm,Lc,-0.0014832169644080047,0.01643519169827069,3.0719235589022617e-05,1.1703218484497905e-05
256,C30_ppm,A,0.11222485271853803,0.4959405825455467,0.02745740103595939,0.009365109522907172
256,C30_ppm,L,-0.001810718276302312,0.4586778649852746,0.023178089632187832,0.007074797384192679
256,C30_ppm,Qb,0.06600101215019415,0.16103775707677984,0.0028959855739847163,0.0021073684887820327
256,C30_ppm,I,0.07981413259231622,0.2496170170303201,0.007133345632303521,0.003821694754053186
256,C30_ppm,ACH,0.7762835121622381,2.8232324776868647,0.8687064322111409,0.12925015196825376
256,eta_sp,Pmax,0.08604210196068765,0.056796921048402185,0.16377051630573713,0.06495998953452861
256,eta_sp,alpha,0.023862267895265802,0.03587487630832581,0.02612264519317273,0.025218345652555492
256,eta_sp,Kc,-0.0006687678765957193,0.003551694180773779,0.00041670837045429117,0.0001705951390777427
256,eta_sp,a_s,0.21131509775836868,0.13233533480033183,0.39056936120642655,0.15408864039215558
256,eta_sp,Lc,0.0004141955713958132,0.0028090431533540072,0.00048730908325755033,0.00026207512282437574
256,eta_sp,A,0.1402417007033207,0.16728224486918966,0.259738780083045,0.11384092784692582
256,eta_sp,L,0.07300279455081081,0.0727271457740811,0.20031294779571307,0.08745538597694756
256,eta_sp,Qb,0.1566833336073953,0.13611250275069542,0.32600131107211155,0.11156629942016545
256,eta_sp,I,-0.0038666285545018225,0.033485128210804925,0.042593996640256045,0.022659931275916492
256,eta_sp,ACH,0.0,0.0,0.0,0.0
256,CADR_m3h,Pmax,0.09558885546891698,0.08056696145790936,0.2006044526625289,0.07431082283166146
256,CADR_m3h,alpha,0.0383939962901804,0.054295571137034815,0.028973985508235496,0.017660451702350047
256,CADR_m3h,Kc,0.00108201387552766,0.0058665976741174046,0.0006378771720185802,0.0003107704611903937
256,CADR_m3h,a_s,0.26360398796731394,0.18455366085320773,0.44773206448383396,0.22858940691508262
256,CADR_m3h,Lc,0.0014162253184710908,0.0031419508615181196,0.00040627015701293713,0.00021417441666238675
256,CADR_m3h,A,0.14546441669583487,0.1186932173400712,0.2628613415121522,0.09200845420527524
256,CADR_m3h,L,0.11447155963146971,0.10072584966290252,0.2250517272768289,0.07921352293485678
256,CADR_m3h,Qb,0.0010793404773605496,0.012691717307406737,0.00950072267799604,0.009160882322945384
256,CADR_m3h,I,0.010055258241788073,0.0737752755579244,0.069371838792632,0.040666841265841074
256,CADR_m3h,ACH,0.0,0.0,0.0,0.0
512,C30_ppm,Pmax,-0.06658605063534533,0.3629915383719729,0.028126409965733366,0.009396486954379463
512,C30_ppm,alpha,0.005315657082922863,0.1172513910643796,0.00286872805790451,0.0011161895135415572
512,C30_ppm,Kc,-0.0014494607326852626,0.009910002881530445,2.0463651669284904e-05,7.749443777275664e-06
512,C30_ppm,a_s,-0.013117534197434272,0.4947739066720343,0.05539647691030035,0.014233267229634826
512,C30_ppm,Lc,0.0004637108490594169,0.012155705859016354,3.200414544308763e-05,1.3073731822173509e-05
512,C30_ppm,A,-0.02133353726572059,0.3672933902065995,0.02837490452095287,0.006334940743202009
512,C30_ppm,L,-0.07528020442057848,0.34921432836670735,0.024627859817355244,0.005575380683613176
512,C30_ppm,Qb,-0.004652556451954582,0.14324343095514538,0.004545903564469014,0.0021841068863594068
512,C30_ppm,I,0.040165003099711466,0.17500782452265035,0.007118951648807963,0.0024698264680272945
512,C30_ppm,ACH,0.7768529669441078,2.076305901099893,0.8782949288768845,0.08279633078753923
512,eta_sp,Pmax,0.07751161036478185,0.05064181315755021,0.1857256594125444,0.0565773768974509
512,eta_sp,alpha,0.010892794449817576,0.019492830201728727,0.02009283118994171,0.012279506721673756
512,eta_sp,Kc,3.2742724796208754e-05,0.0026394527647125507,0.0003526365498502876,0.00010587055943523071
512,eta_sp,a_s,0.19283031698988928,0.09011861961784878,0.3297629287575275,0.09207958004075566
512,eta_sp,Lc,-0.00014344482738002217,0.0017840949365626802,0.00042081266955714525,0.00016320102318676736
512,eta_sp,A,0.10526896758681566,0.09397861714631435,0.24788724016760247,0.0679203128776828
512,eta_sp,L,0.06315358689447281,0.047186485762726285,0.20455159837996398,0.06067220064156394
512,eta_sp,Qb,0.16654235412536555,0.09442265186786895,0.3985985916634661,0.08819848439655668
512,eta_sp,I,0.007673938296953593,0.025815513086031965,0.03625879737243252,0.013158804155459287
512,eta_sp,ACH,0.0,0.0,0.0,0.0
512,CADR_m3h,Pmax,0.0894272257875735,0.0646982108285844,0.2298046120134764,0.06171065004490829
512,CADR_m3h,alpha,0.018242669375062207,0.039798069481878084,0.028749479533740577,0.011916489831613508
512,CADR_m3h,Kc,0.0014298581879491012,0.003955298309053086,0.0005541909072551877,0.00016536751754222615
512,CADR_m3h,a_s,0.27280277031261635,0.12749703481264135,0.42481244446467975,0.12607776406526042
512,CADR_m3h,Lc,0.00011402378617726259,0.00236845070096876,0.00039439531472829575,0.0001574853482599368
512,CADR_m3h,A,0.166004014547858,0.09919792850318383,0.27301600671903253,0.06877942397347729
512,CADR_m3h,L,0.11457682685667477,0.07351238553825691,0.2453302903748416,0.06173908895125324
512,CADR_m3h,Qb,0.002543655020453025,0.009983682834536425,0.008324387705244135,0.005134413852999402
512,CADR_m3h,I,0.03494872377951656,0.05634595386562261,0.06781119853242384,0.025959716839914656
512,CADR_m3h,ACH,0.0,0.0,0.0,0.0
1024,C30_ppm,Pmax,0.020660990078332234,0.2539094601057647,0.02735988955639593,0.006333009782257602
1024,C30_ppm,alpha,-0.005240151100838895,0.0848812842820316,0.003147633340512575,0.0008699256620707602
1024,C30_ppm,Kc,-0.0008678323471368215,0.006535517602126123,1.787467125770461e-05,4.5842881058539784e-06
1024,C30_ppm,a_s,0.047658070635889595,0.3438021494671808,0.05094521388421526,0.008510379952700558
1024,C30_ppm,Lc,-0.0018194166577530813,0.008846108313716702,3.125827066758937e-05,9.160819348122795e-06
1024,C30_ppm,A,0.03179623295090545,0.2713992355307255,0.03236380103348932,0.005961533314829422
1024,C30_ppm,L,0.009175619938556654,0.25543571723562736,0.02674984783349211,0.004602336022868072
1024,C30_ppm,Qb,-0.008619889271706446,0.10134365102853816,0.004129690746108304,0.0016648468142831077
1024,C30_ppm,I,0.03285956300724951,0.12188807641411338,0.00666110262564771,0.001660390076824232
1024,C30_ppm,ACH,0.8744108922967171,1.4796541704047583,0.8823698675777389,0.060459643525899304
1024,eta_sp,Pmax,0.08055979316476063,0.040527998514853884,0.1664507693269977,0.036047507075234755
1024,eta_sp,alpha,0.01085529230533124,0.011800547403474285,0.017170274649688747,0.006704881523007364
1024,eta_sp,Kc,-5.866638946717697e-05,0.0018609420652907287,0.00031823995010442715,7.046726017385353e-05
1024,eta_sp,a_s,0.21647312781398512,0.09052731898426461,0.34211392456811296,0.06725985408763306
1024,eta_sp,Lc,0.0008884687103392593,0.0024450780862107935,0.00036263959075812335,0.0001032503468958453
1024,eta_sp,A,0.10584771813757317,0.05398412063956605,0.21054303648148662,0.04473662249984386
1024,eta_sp,L,0.07232508376000152,0.039000924485369334,0.19646545761508044,0.040915492925427295
1024,eta_sp,Qb,0.16284899232747152,0.06206085818516848,0.32788015287043953,0.05634974696363558
1024,eta_sp,I,0.01539246054896966,0.02139948969472087,0.03570534878096625,0.009494398467169563
1024,eta_sp,ACH,0.0,0.0,0.0,0.0
1024,CADR_m3h,Pmax,0.1299376125134266,0.05388560661902807,0.22521160667359658,0.041282987347127736
1024,CADR_m3h,alpha,0.015637233207400188,0.023907153028435827,0.027920107390734857,0.0077172734014787
1024,CADR_m3h,Kc,0.0012057922026879149,0.0028120084841179406,0.0005390735046973408,0.0001123610394838319
1024,CADR_m3h,a_s,0.27025764115451534,0.08287088943628734,0.4284351643130788,0.0781815063561206
1024,CADR_m3h,Lc,0.0011083162894665502,0.0020619742045792666,0.0003356681708367059,8.923080845977883e-05
1024,CADR_m3h,A,0.15063443048777642,0.05835688005872074,0.27585849840928267,0.04673567039045708
1024,CADR_m3h,L,0.14870701180766563,0.05566491181788273,0.24991489751388643,0.04263572589817746
1024,CADR_m3h,Qb,0.007516026898331993,0.010263925886824576,0.008227375981269944,0.00459362220148405
1024,CADR_m3h,I,0.031522913619573885,0.0343113460256316,0.061305916077480344,0.017994419389802434
1024,CADR_m3h,ACH,0.0,0.0,0.0,0.0
2048,C30_ppm,Pmax,0.019936589496512287,0.1837703141787387,0.02719161580011904,0.003949809052736948
2048,C30_ppm,alpha,-0.0005359448550588725,0.05806291916248655,0.0029655106578689978,0.0006299740419906558
2048,C30_ppm,Kc,-0.0005534200993160103,0.004754194912188695,1.842905268495791e-05,3.235048133437234e-06
2048,C30_ppm,a_s,0.043693046322280674,0.25233317087464674,0.052824190303422815,0.00631363025514972
2048,C30_ppm,Lc,-0.0010639142823776495,0.0058326335819383094,2.8935875673438007e-05,5.3697317954800846e-06
2048,C30_ppm,A,0.03686696729263983,0.19672351157031645,0.03186361215600642,0.003947329845709531
2048,C30_ppm,L,-0.006035156195953204,0.1872388148862509,0.028697094233880772,0.0036179127805643953
2048,C30_ppm,Qb,0.006003651102493729,0.07791291630095618,0.004991141199425382,0.001484422073140736
2048,C30_ppm,I,0.022250879320717804,0.08898852203123352,0.0070594792820348915,0.0014901542449530189
2048,C30_ppm,ACH,0.8535914107020058,0.9932691039509278,0.8805281258462333,0.04195146905546681
2048,eta_sp,Pmax,0.08280570708327578,0.029774065029061172,0.17438070021828136,0.02925411028513128
2048,eta_sp,alpha,0.009620597220866311,0.008212577654454475,0.020246601717424765,0.006384558880948512
2048,eta_sp,Kc,1.576185781804442e-05,0.0011738692526554783,0.000318271971499206,4.8463255255427485e-05
2048,eta_sp,a_s,0.21085594575243694,0.060266892752414564,0.3527191207541446,0.0489208600547114
2048,eta_sp,Lc,-0.00011992020446025277,0.0015040113670908705,0.0004003615492640059,9.591856802533141e-05
2048,eta_sp,A,0.10215049926888578,0.03436684162076727,0.20800825045394677,0.03031861078231406
2048,eta_sp,L,0.08585579174685999,0.0326928949955941,0.18961913523856244,0.02769804540859028
2048,eta_sp,Qb,0.19895980249899728,0.0631277520064337,0.3811135065404524,0.046011064699631406
2048,eta_sp,I,0.015390241064922901,0.014912880333545191,0.04278417515487593,0.008984381993574972
2048,eta_sp,ACH,0.0,0.0,0.0,0.0
2048,CADR_m3h,Pmax,0.1331852871095665,0.04007714270279092,0.22899455495306542,0.0323629252643013
2048,CADR_m3h,alpha,0.01698309128592606,0.014366578331621077,0.025614531608444832,0.004872073932435198
2048,CADR_m3h,Kc,0.000982216165078127,0.001913455401627635,0.0005405015689841288,7.611415908370993e-05
2048,CADR_m3h,a_s,0.2762211949781334,0.061220957546206364,0.425779689014572,0.0542281372977658
2048,CADR_m3h,Lc,0.0008167278116878269,0.0014138591779154944,0.00036959183627610523,8.194098552135039e-05
2048,CADR_m3h,A,0.15667729842300746,0.04561314410029138,0.27021110622761874,0.030098451054448035
2048,CADR_m3h,L,0.14103622243583525,0.042351447118029864,0.24982243739157514,0.033313513964336336
2048,CADR_m3h,Qb,0.002962500179523053,0.008505647974818335,0.00891126501838701,0.0036190924940072947
2048,CADR_m3h,I,0.02945774788189052,0.024451113614987436,0.06481425412206095,0.014638367920596059
2048,CADR_m3h,ACH,0.0,0.0,0.0,0.0
